-- --------------------------------------------------------
-- 호스트:                          dosly2.cafe24.com
-- 서버 버전:                        10.1.13-MariaDB - MariaDB Server
-- 서버 OS:                        Linux
-- HeidiSQL 버전:                  12.0.0.6468
-- --------------------------------------------------------

/*!40101 SET @OLD_CHARACTER_SET_CLIENT=@@CHARACTER_SET_CLIENT */;
/*!40101 SET NAMES utf8 */;
/*!50503 SET NAMES utf8mb4 */;
/*!40103 SET @OLD_TIME_ZONE=@@TIME_ZONE */;
/*!40103 SET TIME_ZONE='+00:00' */;
/*!40014 SET @OLD_FOREIGN_KEY_CHECKS=@@FOREIGN_KEY_CHECKS, FOREIGN_KEY_CHECKS=0 */;
/*!40101 SET @OLD_SQL_MODE=@@SQL_MODE, SQL_MODE='NO_AUTO_VALUE_ON_ZERO' */;
/*!40111 SET @OLD_SQL_NOTES=@@SQL_NOTES, SQL_NOTES=0 */;


-- dosly2 데이터베이스 구조 내보내기
CREATE DATABASE IF NOT EXISTS `dosly2` /*!40100 DEFAULT CHARACTER SET utf8 */;
USE `dosly2`;

-- 테이블 dosly2.answer 구조 내보내기
CREATE TABLE IF NOT EXISTS `answer` (
  `ans_id` int(11) NOT NULL,
  `ans_content` text,
  `ans_conn` varchar(20) DEFAULT NULL,
  PRIMARY KEY (`ans_id`),
  CONSTRAINT `ans_id` FOREIGN KEY (`ans_id`) REFERENCES `quest` (`quest_id`) ON DELETE NO ACTION ON UPDATE NO ACTION
) ENGINE=InnoDB DEFAULT CHARSET=utf8;

-- 테이블 데이터 dosly2.answer:~106 rows (대략적) 내보내기
INSERT IGNORE INTO `answer` (`ans_id`, `ans_content`, `ans_conn`) VALUES
	(0, '<9월 학사일정>       \r\n08.22 ~ 09.21 : 2학기 등록 휴학 신청기간  \r\n09.01 : 2학기 개시일  \r\n09.01 ~ 09.07 : 2학기 전공 및 교양 수강신청 정정기간   ', NULL),
	(1, '<9월 학사일정>       \r\n08.22 ~ 09.21 : 2학기 등록 휴학 신청기간  \r\n09.01 : 2학기 개시일  \r\n09.01 ~ 09.07 : 2학기 전공 및 교양 수강신청 정정기간   ', NULL),
	(2, '<9월 학사일정>       \r\n08.22 ~ 09.21 : 2학기 등록 휴학 신청기간  \r\n09.01 : 2학기 개시일  \r\n09.01 ~ 09.07 : 2학기 전공 및 교양 수강신청 정정기간   ', NULL),
	(3, '2022학년도 서일대학교 축제일정입니다.\r\n\r\n10.05 ~ 10.07 : 제 48회 용마문화축제', NULL),
	(4, '<9월 학사일정>       \r\n08.22 ~ 09.21 : 2학기 등록 휴학 신청기간  \r\n09.01 : 2학기 개시일  \r\n09.01 ~ 09.07 : 2학기 전공 및 교양 수강신청 정정기간   ', NULL),
	(5, '❗  2022학년도 2학기 재학생 등록금 안내드릴게요❗\r\n\r\n1.등록기간 : 22.08.22 (월) ~ 22.08.26 (금)\r\n2.납부가능시간 : 9:00 ~ 16:00\r\n\r\n-자세한사항은 학교 공지사항을 확인하세요:)\r\n\r\n<<학교 등록 정보가 포함된 학교 홈페이지 url>>				\r\n', NULL),
	(6, '❗  2022학년도 2학기 재학생 등록금 안내드릴게요❗\r\n\r\n1.등록기간 : 22.08.22 (월) ~ 22.08.26 (금)\r\n2.납부가능시간 : 9:00 ~ 16:00\r\n\r\n-자세한사항은 학교 공지사항을 확인하세요:)\r\n\r\n<<학교 등록 정보가 포함된 학교 홈페이지 url>>				\r\n', NULL),
	(7, '등록금 납부 방법은 개인별 고지서를 확인한 후 학교 가상계좌로 입금하면 됩니다!\r\n\r\n납부해야하는 등록금과 입금 계좌는 [서일대학교 홈페이지] ->[서일광장] -> [학사공지] 메뉴에서 확인하실 수 있어요				\r\n				\r\n<<http://hm.seoil.ac.kr/65/77/read?&search_fld=all&search=%EB%93%B1%EB%A1%9D%EA%B8%88&idno=610>>				\r\n				\r\n				\r\n				\r\n', NULL),
	(8, '등록금 납부 방법은 개인별 고지서를 확인한 후 학교 가상계좌로 입금하면 됩니다!\r\n\r\n납부해야하는 등록금과 입금 계좌는 [서일대학교 홈페이지] ->[서일광장] -> [학사공지] 메뉴에서 확인하실 수 있어요				\r\n				\r\n<<http://hm.seoil.ac.kr/65/77/read?&search_fld=all&search=%EB%93%B1%EB%A1%9D%EA%B8%88&idno=610>>				\r\n				\r\n				\r\n				\r\n', NULL),
	(9, '등록금 납부 방법은 개인별 고지서를 확인한 후 학교 가상계좌로 입금하면 됩니다!\r\n\r\n납부해야하는 등록금과 입금 계좌는 [서일대학교 홈페이지] ->[서일광장] -> [학사공지] 메뉴에서 확인하실 수 있어요				\r\n				\r\n<<http://hm.seoil.ac.kr/65/77/read?&search_fld=all&search=%EB%93%B1%EB%A1%9D%EA%B8%88&idno=610>>				\r\n				\r\n				\r\n				\r\n', NULL),
	(10, '✨2022년도 2학기 재학생 등록금 분할납부 안내\r\n\r\n서일대학교 홈페이지 -> [서일광장] -> [서일소식] -> [학사공지] 를 통해 확인할 수 있어요\r\n-신청기간 : 22.08.15 (월) 10:00 ~ 22.08.19 (금) 12:00\r\n-분할납부 고지서 출력 \r\n      *1회차 : 22.08.22 (월) 10:00 \r\n      \r\n<<http://hm.seoil.ac.kr/65/77/read?&search_fld=all&search=%EB%B6%84%ED%95%A0%EB%82%A9%EB%B6%80&idno=611>>\r\n				\r\n', NULL),
	(11, '지금까지 납부한 등록금 내역을 확인해볼까요?\r\n\r\n등록금 내역을 확인하기 위해서는 서일대학교 종합정보시스템에 로그인 해주셔야합니다!\r\n\r\n<< http://stis.seoil.ac.kr/stis/newLauncher.jsp?epTicket=LOG >>\r\n', NULL),
	(12, '지금까지 납부한 등록금 내역을 확인해볼까요?\r\n\r\n등록금 내역을 확인하기 위해서는 서일대학교 종합정보시스템에 로그인 해주셔야합니다!\r\n\r\n<< http://stis.seoil.ac.kr/stis/newLauncher.jsp?epTicket=LOG >>\r\n', NULL),
	(13, '"등록금 환불/반환은 반환 사유가 발생했을 때 가능합니다.\r\n반환사유가되는 대표적은 상황을 알려드릴게요\r\n\r\n1.\r\n2.\r\n3.\r\n\r\n자세한 사항은 밑의 버튼을 통해 확인해 주세요!	\r\n\r\n<<반환사유 확인하기>>			\r\n				\r\n', NULL),
	(14, '"등록금 환불/반환은 반환 사유가 발생했을 때 가능합니다.\r\n반환사유가되는 대표적은 상황을 알려드릴게요\r\n\r\n1.\r\n2.\r\n3.\r\n\r\n자세한 사항은 밑의 버튼을 통해 확인해 주세요!	\r\n\r\n<<반환사유 확인하기>>			\r\n				', NULL),
	(15, '☎자세한 정보는 로그인을 하지 않으면 이용할 수 없어요!☎️\r\n\r\n<<http://hm.seoil.ac.kr/>>\r\n<< 학과연락처(http://hm.seoil.ac.kr/109?group=%ED%95%99%EA%B3%BC)>>\r\n<< 부속기관(http://hm.seoil.ac.kr/109?group=%EB%B6%80%EC%86%8D%EA%B8%B0%EA%B4%80)>>\r\n<< 부설기관(http://hm.seoil.ac.kr/109?group=%EB%B6%80%EC%84%A4%EA%B8%B0%EA%B4%80)>>				\r\n				\r\n				\r\n', NULL),
	(16, '☎자세한 정보는 로그인을 하지 않으면 이용할 수 없어요!☎️\r\n\r\n<<http://hm.seoil.ac.kr/>>\r\n<< 학과연락처(http://hm.seoil.ac.kr/109?group=%ED%95%99%EA%B3%BC)>>\r\n<< 부속기관(http://hm.seoil.ac.kr/109?group=%EB%B6%80%EC%86%8D%EA%B8%B0%EA%B4%80)>>\r\n<< 부설기관(http://hm.seoil.ac.kr/109?group=%EB%B6%80%EC%84%A4%EA%B8%B0%EA%B4%80)>>				\r\n				\r\n				\r\n', NULL),
	(17, '☎자세한 정보는 로그인을 하지 않으면 이용할 수 없어요!☎️\r\n\r\n<<http://hm.seoil.ac.kr/>>\r\n<< 학과연락처(http://hm.seoil.ac.kr/109?group=%ED%95%99%EA%B3%BC)>>\r\n<< 부속기관(http://hm.seoil.ac.kr/109?group=%EB%B6%80%EC%86%8D%EA%B8%B0%EA%B4%80)>>\r\n<< 부설기관(http://hm.seoil.ac.kr/109?group=%EB%B6%80%EC%84%A4%EA%B8%B0%EA%B4%80)>>				\r\n				\r\n				\r\n', NULL),
	(18, '☎자세한 정보는 로그인을 하지 않으면 이용할 수 없어요!☎️\r\n\r\n<<http://hm.seoil.ac.kr/>>\r\n<< 학과연락처(http://hm.seoil.ac.kr/109?group=%ED%95%99%EA%B3%BC)>>\r\n<< 부속기관(http://hm.seoil.ac.kr/109?group=%EB%B6%80%EC%86%8D%EA%B8%B0%EA%B4%80)>>\r\n<< 부설기관(http://hm.seoil.ac.kr/109?group=%EB%B6%80%EC%84%A4%EA%B8%B0%EA%B4%80)>>				\r\n				\r\n				\r\n', NULL),
	(19, '서일대학교 캠퍼스를 안내해드릴게요! \r\n\r\n전화번호 및 영업시간은 아래 버튼을 통해 확인해주세요\r\n\r\n<< http://hm.seoil.ac.kr/109 | 전화번호 안내 >>\r\n\r\n', NULL),
	(20, '서일대학교 오는 길을 알려드릴게요?\n\n서일대학교 : 서울특별시 중랑구 용마산로 90길 28 | 우편번호 02192 | 전화번호 : 02-490-7300 \n가까운 역 : 7호선 면목역 2번 출구, 1호선 청량리역 \n버스 안내 : [간선] 271(상암동<->서일대) [지선] 2013(상왕십리역<->서일대) 2230(청량리역) <->서일대) 1213(국민대앞<->서일대)', NULL),
	(21, '서일대학교 오는 길을 알려드릴게요?\r\n\r\n서일대학교 : 서울특별시 중랑구 용마산로 90길 28 | 우편번호 02192 | 전화번호 : 02-490-7300 \r\n가까운 역 : 7호선 면목역 2번 출구, 1호선 청량리역 \r\n버스 안내 : [간선] 271(상암동<->서일대) [지선] 2013(상왕십리역<->서일대) 2230(청량리역) <->서일대) 1', NULL),
	(22, '이수학점을 확인해 볼까요?\r\n\r\n밑의 버튼을 누르고\r\n 종합정보시스템→성적관리→누계성적관리로 들어가시면 됩니다?\r\n \r\n <<http://hm.seoil.ac.kr/80/95/?category_idno=539>>\r\n', NULL),
	(23, '✨한 학기엔 15학점부터 최대 21학점까지 신청 가능하답니다✨', NULL),
	(24, '19학번 이상부터\r\n\r\n-2년제는 75학점 (교양 6~10학점), \r\n-3년제는 110학점 (교양 8~14학점), \r\n-4년제는 130학점 (교양 25~28학점)\r\n\r\n을 수강해야 졸업이 가능해요! \r\n\r\n', NULL),
	(25, '19학번 이상부터\r\n\r\n-2년제는 75학점 (교양 6~10학점), \r\n-3년제는 110학점 (교양 8~14학점), \r\n-4년제는 130학점 (교양 25~28학점)\r\n\r\n을 수강해야 졸업이 가능해요! \r\n\r\n', NULL),
	(26, '에브리타임 어플리케이션을 통해 계산하거나, 종합정보시스템→성적관리→누계성적관리로 들어가시면 확인할 수 있어요!\r\n', NULL),
	(27, '학사 경고를 받게되면  일부 혜택을 받는 데에 제한이 있을 수 있습니다?\r\n학사 경고를 연속해서 2번 받을 경우 유급되며, 학사경고자 명단은 학과 사무실에서 확인 가능합니다‼️', NULL),
	(28, '봉사활동은 1365 자원봉사 포털에 탑재된 기관이거나 연동 가능할 경우 인정하며, 개인 시설이나 미인가 시설은 인정하지 않고 있어요\r\n\r\n성적 처리는 교양교육센터장이 사회봉사활동 확인서 및 사회봉사 실습 보고서를 검토한 후 이상이 없을 시 학점을 부여합니다?\r\n\r\n교내에서 진행하는 서일 인성 특강을 한 차례 이상 이수하는 것을 권장하며, 수강신청하지 않은 봉사활동은 학점으로 인정되지 않아요‼️\r\n\r\n자세한 사항은 본 교양교육센터(02-490-7555)로 문의 주세요☺️\r\n', NULL),
	(29, '장학금은\r\n\r\n국가장학금, 서울희망장학금, 호천 장학금, 지덕배양 장학금, 초지일관 장학금, 보훈 장학금, 서일사랑장학금, su포인트 장학금, \r\n재직자녀 장학금, 공로장학금, 학보사 장학금, 방송국 장학금, 서일도움 장학금, 서일가족 장학금, 전공심화입학 장학금, 세움 장학금,\r\n 돋움 장학금, 서일지킴이 장학금, 자매결연해외학기제 장학금, 산업체위탁교육 장학금, 외국인 장학금, 창업 장학금, 성적향상 장학금, \r\n 탈북대학생 장학금, 주경야독 장학금, 홍보대사 장학금 등이 있어요\r\n', NULL),
	(30, '교내 장학금엔\r\n과대 장학금, 호천 장학금, 지덕배양 장학금, 초지일관 장학금, 보훈 장학금, 서일사랑장학금, su포인트 장학금,\r\n재직자녀 장학금, 공로장학금, 학보사 장학금, 방송국 장학금, 서일도움 장학금, 서일가족 장학금, 전공심화입학 장학금,\r\n세움 장학금, 돋움 장학금, 서일지킴이 장학금, 자매결연해외학기제 장학금, 산업체위탁교육 장학금, 외국인 장학금, 창업 장학금,\r\n성적향상 장학금, 탈북대학생 장학금, 주경야독 장학금, 홍보대사 장학금 등이 있어요:)\r\n', NULL),
	(31, '장학금 수혜 내역은 아래 버튼으로 들어가 종합정보시스템→장학관리에서 확인 가능해요⬇️⬇️\r\n\r\n<<https://stis.seoil.ac.kr/stis/xstart.jsp?epTicket=LOG | 장학금 수혜내역>>\r\n\r\n', NULL),
	(32, '장학금은 등록금의 금액까지 지급합니다', NULL),
	(33, '‼️등록금 한도 내에서 지급받을 수 있으나 동일한 종류 내에서는 이중으로 지급받을 수 없어요‼️\r\n', NULL),
	(34, '장학금 수령 방식은 학생이 정할 수 없어요? \r\n학기 초에 등록금 고지서 작업 이전에 지급되는 장학금은 선감면으로,  그 이후에 나오는 장학금들은 학생에게 개별적으로 지급됩니다!\r\n', NULL),
	(35, '국가장학금 고객지원 상담센터 번호는 1599-2000, 국가장학금 문의를 위한 학생지원처는 02-490-7363, \r\n성적 관련 문의는 교무처인 02-490-7554로 문의 주시면 돼요!\r\n자세한 사항은 아래의 버튼에 연결된 한국장학재단 사이트를 통해 확인 바랍니다☺️\r\n', NULL),
	(36, '복지장학금은 국가 장학금을 신청했을 경우 따로 신청이 필요 없으며, 미 신청 시 학과 측의 복지 장학금 신청 공지에 맞춰 필요한 서류를 학과로 제출해주시면 돼요!\r\n 기준은 한국장학재단에서 선정한 소득분위와 기준 성적 2.0 이상으로 심사됩니다. 소득 분위가 해당되지 않거나 등록금 범위를 넘길 경우 지급되지 않을 수 있답니다‼️\r\n', NULL),
	(37, '성적 장학금은 지덕배양장학금, 호천장학금 등이 있으며 석차순으로 교양 + 전공의 총 성적 순으로 지급돼요:)\r\n등록금에서 선차감되는 방식으로, 대출이 없을 경우 학생 본인의 계좌로 지급되며 미등록 휴학 시 반환 처리 됩니다!\r\n휴학 중에도 성적 장학금 혜택을 받고자 할 경우 등록 휴학을 해주시면 된답니다?\r\n', NULL),
	(38, '봉사 장학금이란 학생 자치활동 등의 활동을 하는 학생들을 대상으로 하는 등록금성 장학금으로 학기 말에 학생 계좌 혹은 학자금 대출 상환 형식으로 지급됩니다✨\r\n', NULL),
	(39, '매년 2학기 말에 서일 su 시스템 상 누적된 포인트가 많은 학생에게 지급하는 장학금으로 별도의 신청이 필요하지 않아요!\r\n 종강 후 평균적으로 한 달 반 이후에 지급되며, 1월 말 혹은 2월 중순에 등록된 계좌로 지급됩니다! 지급 조건은 재학생 역량 강화 프로그램을 수강하여 일반 학과의 경우 포인트 150점 이상을,\r\n  특성화 학과의 경우 포인트 180점 이상을 충족해야 합니다☺️지급액은 별도로 책정되며 20만원에서 100만원 가량 지급됩니다:)\r\n', NULL),
	(40, '신입생 특별 장학금이란 정원 내 전형 중 수시와 정시 전형으로 입학한 학생 중 수석과 차석에게 지급하는 전체 수석 및 차석 장학금과 정원 내 전형 중 수시 및 정시에서 학과 최고성적으로 선발된 학생에게 지급되는 학과 수석 장학금이 있습니다?\r\n', NULL),
	(41, '과대 장학금은 해당 학기가 끝난 후, 등록금에서 차감되어 지급됩니다:)\r\n\r\n', NULL),
	(42, '국가근로장학금은 한국장학재단의 성적 기준과 소득분위에 따라 심사가 되며, 학교에서 하는 교내 근로 장학생의 경우 각 부서에서 채용 후 관리하게 됩니다?\r\n', NULL),
	(43, '성적향상장학금이란 전전학기 학사 경고에서 직전 학기 평점이 3.0 이상으로 향상된 학생에게 지급되는 장학금을 말합니다‼️‼️\r\n', NULL),
	(44, '서일대학교 eCampus의 주소입니다:) 	\r\n\r\n<<https://ecampus.seoil.ac.kr/local/intro/main.php>>				\r\n					\r\n', NULL),
	(45, '서일대학교 eCampus의 주소입니다:) 	\r\n\r\n<<https://ecampus.seoil.ac.kr/local/intro/main.php>>				\r\n					', NULL),
	(46, '서일대학교 eCampus의 주소입니다:) 	\r\n\r\n<<https://ecampus.seoil.ac.kr/local/intro/main.php>>				\r\n					', NULL),
	(47, '서일대학교 eCampus의 주소입니다:) 	\r\n\r\n<<https://ecampus.seoil.ac.kr/local/intro/main.php>>				\r\n					', NULL),
	(48, '서일대학교 eCampus의 주소입니다:) 	\r\n\r\n<<https://ecampus.seoil.ac.kr/local/intro/main.php>>				\r\n					', NULL),
	(49, '서일대학교 eCampus의 주소입니다:) 	\r\n\r\n<<https://ecampus.seoil.ac.kr/local/intro/main.php>>				\r\n					', NULL),
	(50, '수강신청은 서일대학교 수강신청 홈페이지에서 할 수 있어요 밑의 버튼을 통해 연결해 드릴게요!?️\r\n\r\n<<https://sugang.seoil.ac.kr/sugang/sugang/doLogin.do>>\r\n<<수강신청 일정 안내>>					\r\n				', NULL),
	(51, '수강신청은 서일대학교 수강신청 홈페이지에서 할 수 있어요 밑의 버튼을 통해 연결해 드릴게요!?️\r\n\r\n<<https://sugang.seoil.ac.kr/sugang/sugang/doLogin.do>>\r\n<<수강신청 일정 안내>>					\r\n				', NULL),
	(52, '수강신청은 서일대학교 수강신청 홈페이지에서 할 수 있어요 밑의 버튼을 통해 연결해 드릴게요!?️\r\n\r\n<<https://sugang.seoil.ac.kr/sugang/sugang/doLogin.do>>\r\n<<수강신청 일정 안내>>					\r\n				', NULL),
	(53, '		?2022-2학기 수강신청 일정 안내?\r\n\r\n✅ 전공 수강신청 : 08.22(월) ~ 08.26(금)\r\n✅ 교양 수강신청 : 08.25(목) ~ 08.26(금)\r\n-자세한 일정은 하단의 버튼을 눌러주세요!\r\n\r\n<< https://sugang.seoil.ac.kr/sugang/sugang/doLogin.do >>\r\n<< http://hm.seoil.ac.kr/65/77/read?&search_fld=all&search=%EC%88%98%EA%B0%95%EC%8B%A0%EC%B2%AD&idno=615>>		\r\n', NULL),
	(54, '		?2022-2학기 수강신청 일정 안내?\r\n\r\n✅ 전공 수강신청 : 08.22(월) ~ 08.26(금)\r\n✅ 교양 수강신청 : 08.25(목) ~ 08.26(금)\r\n-자세한 일정은 하단의 버튼을 눌러주세요!\r\n\r\n<< https://sugang.seoil.ac.kr/sugang/sugang/doLogin.do >>\r\n<< http://hm.seoil.ac.kr/65/77/read?&search_fld=all&search=%EC%88%98%EA%B0%95%EC%8B%A0%EC%B2%AD&idno=615>>		\r\n', NULL),
	(55, '계절학기는 밑의 사이트를 통해 안내를 확인해 주세요!\r\n\r\n<<http://hm.seoil.ac.kr/65/77/read?&search_fld=all&search=%EA%B3%84%EC%A0%88%ED%95%99%EA%B8%B0&idno=605>>						\r\n', NULL),
	(56, '교양신청에 관한 정보는 [서일대학교 교양교육센터] 에서 확인하실 수 있어요!\r\n\r\n22학년도 2학기 교양교과목 개설현황보기 버튼을 참고해주세요?\r\n수강신청시 개설현황 참고하여 신청바랍니다!\r\n-문의 : 02-490-7555\r\n\r\n<<https://sugang.seoil.ac.kr/sugang/sugang/doLogin.do>>						\r\n						\r\n', NULL),
	(57, '교양신청에 관한 정보는 [서일대학교 교양교육센터] 에서 확인하실 수 있어요!\r\n\r\n22학년도 2학기 교양교과목 개설현황보기 버튼을 참고해주세요?\r\n수강신청시 개설현황 참고하여 신청바랍니다!\r\n-문의 : 02-490-7555\r\n\r\n<<https://sugang.seoil.ac.kr/sugang/sugang/doLogin.do>>						\r\n						\r\n', NULL),
	(58, '[캠퍼스맵사진]\r\n\r\n세방 도서관은 7번 입니다?\r\n\r\n세방도서관 사이트나 어플에서 \r\n도서 대출현황,연장,예약 / 희망도서 신청,조회 / 좌석 현황 등을 확인할 수 있어요\r\n\r\n<< 서일대 캠퍼스 안내 >>\r\n<< 세방도서관 홈페이지 바로가기 >>\r\n<< 세방도서관 APP 설치 >>', NULL),
	(59, '[캠퍼스맵사진]\r\n\r\n세방 도서관은 7번 입니다?\r\n\r\n세방도서관 사이트나 어플에서 \r\n도서 대출현황,연장,예약 / 희망도서 신청,조회 / 좌석 현황 등을 확인할 수 있어요\r\n\r\n<< 서일대 캠퍼스 안내 >>\r\n<< 세방도서관 홈페이지 바로가기 >>\r\n<< 세방도서관 APP 설치 >>', NULL),
	(60, '?세방 도서관 층별 안내를 도와드릴게요?\r\n\r\n12F	제3자료 열람실, 영상정보실, 도서관장실\r\n11F	제2자료 열람실 (도서대출)\r\n10F	제1자료 열람실, 도서관운영팀\r\n9F	제6자유열람실, 정보검색실\r\n8F	제1~제5자유열람실\r\n7F	보육교사교육원\r\n6F	강의실\r\n5F	세무회계학과\r\n4F	자산법률학과\r\n3F	미디어출판학과\r\n2F	스터디룸\r\n1F	잡카페, 취업상담실, 무인도서반납						', NULL),
	(61, '?세방 도서관 층별 안내를 도와드릴게요?\r\n\r\n12F	제3자료 열람실, 영상정보실, 도서관장실\r\n11F	제2자료 열람실 (도서대출)\r\n10F	제1자료 열람실, 도서관운영팀\r\n9F	제6자유열람실, 정보검색실\r\n8F	제1~제5자유열람실\r\n7F	보육교사교육원\r\n6F	강의실\r\n5F	세무회계학과\r\n4F	자산법률학과\r\n3F	미디어출판학과\r\n2F	스터디룸\r\n1F	잡카페, 취업상담실, 무인도서반납						', NULL),
	(62, '서일대학교 세방도서관 시설들을 안내해드릴게요‼️\r\n\r\n12F	제3자료 열람실, 영상정보실, 도서관장실\r\n11F	제2자료 열람실 (도서대출)\r\n10F	제1자료 열람실, 도서관운영팀\r\n9F	제6자유열람실, 정보검색실\r\n8F	제1~제5자유열람실\r\n7F	보육교사교육원\r\n6F	강의실\r\n5F	세무회계학과\r\n4F	자산법률학과\r\n3F	미디어출판학과\r\n2F	스터디룸\r\n1F	잡카페, 취업상담실, 무인도서반납						', NULL),
	(63, '?도서 대출 / 반납 방법을 알려드릴게요?\r\n\r\n⚠️학생은 5권 까지 대출 가능해요. 대출기간은 7일이고 기간연기는  1회 가능합니다.\r\n✅대출 : 이용자가 직접 서가에 접근하여 도서를 선택후 본인학생증(도서대출증 겸용)과  대출할 자료를 대출대에 제시하면 서일도움장학생이 본인확인후 대출하여줍니다\r\n⛔️다른 사람의 학생증을 빌려 사용하거나 대리 대출은 할 수 없으며 만약, 발견시에 불이익이 돌아갈 수 있으니 유의해주세요!\r\n✅반납 : 도서관에서 대출한 자료는 기간내에 반납함을 원칙으로 하며, 대출했던 자료는 반드시 반납대에서 서일도움장학생에게 반납후 반납확인을 받아야 한답니다\r\n**도서자동반납기(도서관1층), 도서자동대출반납기(제1자료열람실 10층)에서 반납가능해요\r\n', NULL),
	(64, '?도서 대출 / 반납 방법을 알려드릴게요?\r\n\r\n⚠️학생은 5권 까지 대출 가능해요. 대출기간은 7일이고 기간연기는  1회 가능합니다.\r\n✅대출 : 이용자가 직접 서가에 접근하여 도서를 선택후 본인학생증(도서대출증 겸용)과  대출할 자료를 대출대에 제시하면 서일도움장학생이 본인확인후 대출하여줍니다\r\n⛔️다른 사람의 학생증을 빌려 사용하거나 대리 대출은 할 수 없으며 만약, 발견시에 불이익이 돌아갈 수 있으니 유의해주세요!\r\n✅반납 : 도서관에서 대출한 자료는 기간내에 반납함을 원칙으로 하며, 대출했던 자료는 반드시 반납대에서 서일도움장학생에게 반납후 반납확인을 받아야 한답니다\r\n**도서자동반납기(도서관1층), 도서자동대출반납기(제1자료열람실 10층)에서 반납가능해요\r\n', NULL),
	(65, '자유열람실 (좌석 관리) 이용 안내해줄게요\r\n\r\n도서관 자유열람실(도서관 9층)을 이용하기 위해서 도서관 모바일 앱 설치 후\r\n좌석관리(클리커) 로 좌석을 배정받아 이용할 수 있어요\r\n도서관 앱은 밑의 버튼을 통해 다운 받으실 수 있답니다\r\n\r\n<<세방도서관 (클리커 APP) 이용방법>>', NULL),
	(66, '자유열람실 (좌석 관리) 이용 안내해줄게요\r\n\r\n도서관 자유열람실(도서관 9층)을 이용하기 위해서 도서관 모바일 앱 설치 후\r\n좌석관리(클리커) 로 좌석을 배정받아 이용할 수 있어요\r\n도서관 앱은 밑의 버튼을 통해 다운 받으실 수 있답니다\r\n\r\n<<세방도서관 (클리커 APP) 이용방법>>', NULL),
	(67, '세방 도서관 이용방법을 안내해 드릴게요\r\n\r\n서일대학교 세방도서관을 출입할 때에는 항상 본인 학생증을 입퇴관시스템에 인식시킨 후 입관하실 수 있어요\r\n\r\n⛔️도서관 내에서는 정숙! 음식물 반입이나 흡연은 절대 불허합니다!\r\n⛔️소지품만으로 좌석을 맡아놓는 고정좌석을 절대 금합니다!\r\n✅1시간 이상 빈 좌석은 누구나 좌석을 이용할 수 있어요\r\n\r\n?세방도서관 모바일 앱에서 모바일 이용증을 활용할 수 있어요!\r\n\r\n<< 세방도서관 모바일 앱 다운로드 >>				', NULL),
	(68, '[사진 첨부]', NULL),
	(69, '동아리에 대한 정보는 아래 버튼을 통해 확인하실 수 있어요?	\r\n\r\n<<http://hm.seoil.ac.kr/69>>\r\n', NULL),
	(70, '학생자치단체에 대한 정보는 아래 버튼을 통해 확인하실 수 있어요:)\r\n<<http://hm.seoil.ac.kr/68>>\r\n', NULL),
	(71, '대외활동이나 공모전, 스터디, 취업 정보 등의 정보는 캠퍼스픽 등의 어플리케이션을 다운로드 받으시면 한번에  확인하실 수 있어요!\r\n\r\n<<캠퍼스픽 다운받기>>\r\n', NULL),
	(72, '개인정보는 종합정보시스템에서 수정할 수 있으며, 오류가 발생할 경우 학과를 통해 수정 가능 하답니다!\r\n\r\n<<http://stis.seoil.ac.kr/stis/newLauncher.jsp?epTicket=LOG>>\r\n\r\n\r\n', NULL),
	(73, '개인정보는 종합정보시스템에서 수정할 수 있으며, 오류가 발생할 경우 학과를 통해 수정 가능 하답니다!\r\n\r\n<<http://stis.seoil.ac.kr/stis/newLauncher.jsp?epTicket=LOG>>\r\n\r\n\r\n', NULL),
	(74, '개인정보는 종합정보시스템에서 수정할 수 있으며, 오류가 발생할 경우 학과를 통해 수정 가능 하답니다!\r\n\r\n<<http://stis.seoil.ac.kr/stis/newLauncher.jsp?epTicket=LOG>>\r\n\r\n\r\n', NULL),
	(75, '?누리인재 프로그램이란 토익을 공부하는 프로그램으로 해당 프로그램을 이수했을 경우 추후, 해외전공연수나 단기어학연수 지원 시에 선발하는 데에 가산점이 지급돼요!\r\n취소하고 싶을 경우에는 국제지원센터에 연락해 취소 의사를 밝히면 취소 가능하답니다		\r\n', NULL),
	(76, '주차장은 학기 초에 신청 받으며 특정한 조건을 통해 순차적으로 제공되고 있습니다. 탈락되실 경우 학교 외부의 주차장을 이용하셔야 합니다.	\r\n', NULL),
	(77, '사물함은 본인의 과에서 배정 받거나 조교님을 통해 신청해주시면 사용이 가능합니다:)\r\n', NULL),
	(78, '증명서 발급은 직접 방문하거나 인터넷, 우편으로 발급 받을 수 있어요.\r\n 자세한 안내사항은 아래 링크를 통해 확인 및 발급 받을 수 있답니다?\r\n\r\n\r\n<< https://seoil.certpia.com/ >>\r\n\r\n\r\n\r\n', NULL),
	(79, '증명서 발급은 직접 방문하거나 인터넷, 우편으로 발급 받을 수 있어요.\r\n 자세한 안내사항은 아래 링크를 통해 확인 및 발급 받을 수 있답니다?\r\n\r\n\r\n<< https://seoil.certpia.com/ >>', NULL),
	(80, '증명서 발급은 직접 방문하거나 인터넷, 우편으로 발급 받을 수 있어요.\r\n 자세한 안내사항은 아래 링크를 통해 확인 및 발급 받을 수 있답니다?\r\n\r\n\r\n<< https://seoil.certpia.com/ >>\r\n\r\n\r\n\r\n', NULL),
	(81, '증명서에대한 자세한 안내사항은 밑의 버튼을 통해 확인해주세요!\r\n\r\n\r\n<< https://seoil.certpia.com/ >>', NULL),
	(82, '학생증 신청 일정은 학교 측에서 안내하고 있으며, 우리원뱅킹 어플리케이션을 통해 신청 가능해요!\r\n\r\n', NULL),
	(83, '학생증 신청 일정은 학교 측에서 안내하고 있으며, 우리원뱅킹 어플리케이션을 통해 신청 가능합니다. \r\n\r\n', NULL),
	(84, '서일대학교 세방도서관 혹은 종합정보시스템에 있는 학사 정보를 통해 확인할 수 있습니다.', NULL),
	(85, '출석은 아래 링크 혹은 어플리케이션를 통해 로그인 후 접속하면 확인 가능해요?\r\n\r\n<<https://attend.seoil.ac.kr/forward/MN/MN/PU_MNMN01_E01.do?r=https%3A%2F%2Fattend.seoil.ac.kr%2Fforward%2FMN%2FMN%2FCM_MNMN01_V01.do%3Fnull>>\r\n', NULL),
	(86, '전공의 경우 과사에 진단서를 제출하면 되며, 교양은 해당 교수님께 따로 연락 드린 후 진단서를 제출하시면 됩니다.	\r\n', NULL),
	(87, '2022학년도 2학기 학기 개시일은 9월 1일입니다!', NULL),
	(88, '2022학년도 2학기 학기 종료일은 12월 22일입니다!', NULL),
	(89, '학생 식당은 흥학관 2층에 위치하고 있어요', NULL),
	(90, '휴학 신청은 휴학 종류에 따라 방법이 조금 다릅니다.\r\n		*일반휴학 : 휴학 신청 가능 기간에 소속 학과를 방문하여 제출서류를 제출해 주시면 됩니다\r\n		 일반휴학 신청 기간 안내\r\n       \r\n                *미등록 휴학 : 22.08.16(화)~ 22.08.19(금)\r\n 		*등록 휴학 : 22.08.22(월) ~ 22.9.21(수)\r\n자세한 휴학 방법은 서일대학교 홈페이지 -> 서일광장 -> 서일소식 -> 학사공지 -> 2022학년도 2학기 휴학, 자퇴 안내 글을 확인해 주세요', NULL),
	(91, '휴학 신청은 휴학 종류에 따라 방법이 조금 다릅니다.\r\n   *일반휴학 : 휴학 신청 가능 기간에 소속 학과를 방문하여 제출서류를 제출해 주시면면 됩니다\r\n		 \r\n   *일반휴학 신청 기간 안내\r\n        미등록 휴학 : 22.08.16(화)~ 22.08.19(금)\r\n        등록 휴학 : 22.08.22(월) ~ 22.9.21(수)', NULL),
	(92, '휴학 신청은 휴학 종류에 따라 방법이 조금 다릅니다.\r\n\r\n         *일반휴학 : 휴학 신청 가능 기간에 소속 학과를 방문하여 제출서류를 제출해 주시면 됩니다\r\n         \r\n	 *일반휴학 신청 기간 안내\r\n	       미등록 휴학 : 22.08.16(화)~ 22.08.19(금)\r\n	       등록 휴학 : 22.08.22(월) ~ 22.9.21(수)\r\n               \r\n자세한 휴학 방법은 서일대학교 홈페이지 -> 서일광장 -> 서일소식 -> 학사공지 -> 	2022학년도 2학기 휴학, 자퇴 안내 글을 확인해 주세요', NULL),
	(93, '학교 와이파이는 학번과 비밀번호를 입력하시면 무료로 사용이 가능합니다!', NULL),
	(94, '2022학년도 2학기 수강 정정기간은 22.9.1(목) ~ 22.9.7(수) 까지 입니다!', NULL),
	(95, '서일대학교 총학생회 인스타 주소는 “seoil_37”입니다!', NULL),
	(96, '입학식은 22.2.22(화)입니다', NULL),
	(97, '코로나로 인해 입학식은 22.2.22(화) 11:00 온라인으로 중계됩니다.\r\n행사당일 유튜브[SUTV(서일대학교TV)]에 접속하여 주시기 바랍니다!', NULL),
	(98, ' 1. 등록금 추가 납부기간: 2022.8.29.(월) ~ 9.8.(목) 09:00 ~ 16:00 입니다!\r\n    ※ 은행업무 시간에만 납부 가능합니다 (주말납부 불가)\r\n  2. 등록금 납부방법\r\n    가. 등록금고지서 확인: 대학 종합정보시스템 등록관리 - 등록금고지서\r\n    나. 우리은행 전지점 방문 / 우리은행 가상계좌 입금\r\n    다. 1인당 독립된 가상계좌 부여 (*학기별 가상계좌 변경됨)\r\n    라. 납부금액이 정확하지 않을 경우 입금 불가\r\n\r\n', NULL),
	(99, '서일대학교 포털시스템 접속 후 [수업 관리] -> [강의 평과 관리] -> [강의 평가 입력] 순으로 들어가면 강의 평가가 가능합니다 ;)', NULL),
	(100, '출결 확인은 서일대학교 SMART 출결관리 시스템 홈페이지에서 가능합니다!', NULL),
	(101, '2022학년도 2학기 전과 신청 기간 : 2022.07.18.(월) ~ 07.22 (금)\r\n2학기 전과 신청 방법 : \r\n	1. 학교 홈페이지 종합정보 시스템 로그인\r\n	2. 학적 관리\r\n	3. 전과 처리 관리\r\n	4. 온라인 전과 신청\r\n	5. 온라인 면접 (ZOOM이용) \r\n	6. 지도교수 또는 학과장 상담\r\n을 통해 전과 신청이 가능합니다. \r\n\r\n전과 지원 자격 : \r\n2년제 : 1학년 1학기 이수 학점 18학점 이상 (전 계열 전과 가능)\r\n3년제 : 1학년 1학기 이수 학점 18학점 이상 (전 계열 전과 가능)\r\n	2학년 1학기 이수 학점 54학점 이상 (동일계열만 ', NULL),
	(102, '2022학년도 2학기 전과 신청 기간 : 2022.07.18.(월) ~ 07.22 (금) 입니다!', NULL),
	(103, '우리 학교 통학 버스 운행 계획을 알려드릴게요\r\n\r\n운행 기간 : 2022.09.01(목) ~ 12.21(수)\r\n운행 시간 : 08:30 ~ 10:30\r\n운행 대수 : 노선별 각 1대(45인승 버스 2대)\r\n운행 노선 : 2개 노선 순환(면목역 및 망우역/무료 운행)\r\n	-면목역 노선 : 면목역 2번 출구 (더 벤티 카페 / 학교 방향 50m) -> \r\n			1차(후문 대로변/이디야 커피) -> 2차(정문 대로변/체르니각 식당)\r\n	-망우역 노선 : 망우역(역사 로터리 앞) -> 	1차(후문 대로변/이디야 커피) \r\n			-> 2차(정문 대로변/체르니각 식당)\r\n', NULL),
	(104, '서일대학교 기초학습능력 온라인 진단평가 사이트입니다!', NULL),
	(105, '\'박승환\' 입니다', NULL);

-- 테이블 dosly2.BBS 구조 내보내기
CREATE TABLE IF NOT EXISTS `BBS` (
  `bbsID` int(11) NOT NULL COMMENT '게시글 번호',
  `bbsTitle` varchar(50) DEFAULT NULL COMMENT '게시글 제목',
  `userID` varchar(20) DEFAULT NULL COMMENT '작성자ID',
  `bbsDate` datetime DEFAULT NULL COMMENT '작성날짜',
  `bbsContent` varchar(2048) DEFAULT NULL COMMENT '게시글 크기',
  `bbsAvailable` int(11) DEFAULT NULL COMMENT '1-> 삭제안된글 0-> 삭제됨',
  PRIMARY KEY (`bbsID`)
) ENGINE=InnoDB DEFAULT CHARSET=utf8;

-- 테이블 데이터 dosly2.BBS:~57 rows (대략적) 내보내기
INSERT IGNORE INTO `BBS` (`bbsID`, `bbsTitle`, `userID`, `bbsDate`, `bbsContent`, `bbsAvailable`) VALUES
	(1, '안녕', 'dosly2', '2022-07-05 22:56:20', '안녕하세요', 1),
	(2, '수정', '98ogh', '2022-07-05 23:06:44', 'ㅇㅇ', 0),
	(3, '삭제', 'dosly2', '2022-07-05 23:25:08', '테스트 수정', 0),
	(4, 'dd', 'kosyoun1234', '2022-07-06 18:58:32', 'dddd', 1),
	(5, '연습', 'dosly2', '2022-07-16 00:24:36', '1', 1),
	(6, '테스트입니다', 'dosly2', '2022-07-21 22:42:59', 'ㅎㅇ', 1),
	(7, '테스트5', '98ogh', '2022-07-21 23:26:30', 'ㅂㅁㅁㅇ', 0),
	(8, '0821', 'dosly2', '2022-08-21 04:46:10', '0446', 0),
	(9, 'dd', 'dosly22', '2022-08-21 05:39:37', 'dd', 1),
	(10, '안녕', 'dosly3', '2022-08-21 14:31:54', '하쎼용\r\nㅇㅇ\r\n수정', 0),
	(11, 'ㅇㅇㅇ', 'dosly3', '2022-08-21 14:48:32', 'ㅇㅇㅇㅇㅇㅇ', 1),
	(12, 'ddgdsfdf', 'dosly3', '2022-08-21 19:39:44', 'dsasdgewfsfdf', 0),
	(13, '안녕s', 'dosly3', '2022-08-21 20:33:45', 'dga3twtaatedsgdsfdsfddfsfd', 1),
	(14, '여소좀요', 'tkachs1004', '2022-08-21 21:34:48', '대학생 2학갼 군생활 5개월차', 1),
	(15, '댓글 테스트', '98ogh', '2022-08-23 20:26:40', '댓글 테스트', 0),
	(16, '댓글 테스트', '98ogh', '2022-08-23 21:10:43', '댓글테스트', 0),
	(17, '수정', '98ogh', '2022-08-23 21:33:51', 'ddasf', 1),
	(18, 'd안녕', 'dosly3', '2022-08-25 15:59:35', 'd안녕하세여\r\nㅇㅁㅇㅁㅇㅁㅇㄴㅇㅇㅇㅇㄴㅇㄴㄴㅇㅇ', 1),
	(19, 'ㅁㅇㄻㄹ', 'dosly3', '2022-08-25 16:04:50', 'ㅇㅁㄹㅇㄹㅇㅁㅇ', 0),
	(20, '방가', 'dosly3', '2022-08-25 16:38:57', '하이', 1),
	(21, 'ㅇ처아ㅓㅏ처아수정', 'dosly3', '2022-08-25 20:14:18', '이아ㅣ가ㅣ기ㅏㅣㅍㅅㅇㄶ수정', 0),
	(22, '344', 'dosly2', '2022-08-25 23:44:07', 'dfd', 1),
	(23, 'ㅇㄹㅇ', 'dosly2', '2022-08-26 00:13:56', 'ㅇㄹㅇㄹㅇㄹ', 1),
	(24, 'ㄴㄴ', 'dosly2', '2022-08-26 00:13:59', 'ㄴㄴㅇㄹㅇㄹㄴ', 1),
	(25, '234324', 'dosly2', '2022-08-26 00:14:03', 'ㄷㄱㄷ', 1),
	(26, 'ㅇㄹㅇㄹㅇ', 'dosly2', '2022-08-26 00:14:44', 'ㅇㄹㅇㄹㅇㄹ', 1),
	(27, 'ㄴㅇㄹㅇㄴㄹㄴ', 'dosly2', '2022-08-26 00:14:49', 'ㅇㄹㅇㄹ', 1),
	(28, '^^', 'dosly3', '2022-08-26 01:12:50', '반갑습니다', 1),
	(29, '검색창추가', 'dosly2', '2022-08-26 01:26:01', 'ㅈㄱㄴ', 1),
	(30, 'ㅇㄹㄴㄹㅇㄹ', 'dosly2', '2022-08-27 19:04:28', '서일대학교 챗봇 메일입니다 게시글 내용ㅇ 게시글 내용ㅇ 게시글 내용ㅇ 게시글 내용ㅇ 게시글 내용ㅇ 게시글 내용ㅇ 게시글 내용ㅇ 게시글 내용ㅇ \r\n게시글 내용ㅇ 게시글 내용ㅇ 게시글 내용ㅇ 게시글 내용ㅇ 게시글 내용ㅇ 게시글 내용ㅇ 게시글 내용ㅇ 게시글 내용ㅇ \r\n게시글 내용ㅇ 게시글 내용ㅇ 게시글 내용ㅇ 게시글 내용ㅇ 게시글 내용ㅇ 게시글 내용ㅇ 게시글 내용ㅇ 게시글 내용ㅇ \r\n게시글 내용ㅇ 게시글 내용ㅇ 게시글 내용ㅇ 게시글 내용ㅇ 게시글 내용ㅇ 게시글 내용ㅇ 게시글 내용ㅇ 게시글 내용ㅇ \r\n게시글 내용ㅇ 게시글 내용ㅇ 게시글 내용ㅇ 게시글 내용ㅇ 게시글 내용ㅇ 게시글 내용ㅇ 게시글 내용ㅇ 게시글 내용ㅇ \r\n', 1),
	(31, 'ㅎㅇㅎㅇ', 'dosly3', '2022-08-28 22:13:42', 'ㅇㅇㅇ', 1),
	(32, '아냐세영', 'alsdla1234', '2022-08-28 22:43:58', '허아용', 1),
	(33, 'ㅇ', 'alsdla1234', '2022-08-28 22:45:09', 'ㅇㅇㅇㅇ', 1),
	(34, '123', 'alsdla1234', '2022-08-28 22:57:31', '124214', 1),
	(35, '하잉', 'alsdla1234', '2022-08-28 23:00:30', 'ㄴㅇㅇㅇ', 1),
	(36, '테스트', 'alsdla1234', '2022-08-28 23:00:46', '드디어딘다ㅇㅇㅇㅇ', 1),
	(37, '관리자님께 문의 드립니다.', 'hello', '2022-08-29 00:31:45', '챗봇에게 인사하면 받아줄 수 있는 멘트가 있었으면 좋겠습니다.', 1),
	(38, '안뇨링', 'dosly2', '2022-09-08 20:21:10', '하새여우우웅', 0),
	(39, '안녕하세요', 'dosly2', '2022-09-13 12:27:46', '1', 1),
	(40, '오늘 공강인사람~~~~', 'dosly2', '2022-09-13 12:28:04', '오늘 공강이라 수업 없는데 같이 밥 먹을 사람!!', 1),
	(41, '동아리 박람회 같이 갈 사람 구함', 'dosly3', '2022-09-13 12:29:38', '저랑 동아리 박람회 같이 가실 분 계신가요? 복학해서 같이 갈 만한 친구가 없어서요 ㅜㅜ', 1),
	(42, '배고프다', 'hello', '2022-09-13 12:30:13', 'ㅠㅠ', 1),
	(43, '하이', '98ogh', '2022-09-13 12:30:55', 'ㅎㅇ', 1),
	(44, '진단서 누구한테 제출하면 되나요?', 'kosyoun1234', '2022-09-13 12:32:08', 'ㅇㅇ', 1),
	(45, '인천사는사람', 'pine0228', '2022-09-13 12:32:48', '하굑 같이가자', 1),
	(46, '안녕하세요', 'dosly2', '2022-09-21 10:45:59', '너무잘만드신거아닌가요\r\n....', 1),
	(47, '너무 멋있어요', 'rhwnsgh', '2022-09-21 13:52:35', '신기합니다!! 최고', 1),
	(48, '안녕하세용', 'dosly2', '2022-09-21 15:57:21', 'ㅎㅎ', 1),
	(49, '집', '98ogh', '2022-09-21 16:45:15', 'home', 1),
	(50, '잘 보고 갑니다', 'dosly2', '2022-09-22 16:34:18', '방명록 남깁니다.\r\n너의 수고를 몇 개월간 봐왔는데\r\n정말 고생했다 굥시나\r\n화이팅팅\r\n언니밖에 없지?^^\r\n\r\n', 1),
	(51, '체험단 1', 'cltn2010', '2022-09-23 10:05:01', '너무 잘만들었어요!! 굿굿굿굿!!\r\n이** 화이팅!!! 꺄아아아아앙아아아아아아악', 1),
	(52, '이경신보아라', 'kosyoun1234', '2022-09-23 11:00:18', '고마워 팀장님', 1),
	(53, '송치수 언니 보아라', 'cltn2010', '2022-09-23 11:31:05', '안녕!\r\n나를 혼자 버리고 가다니\r\n나도 간다!', 1),
	(54, '박승환', 'dignp48', '2022-09-23 11:32:32', '잘생겼어용~~~', 1),
	(55, '경신누나 보러왔습니다', 'chlalstjd', '2022-09-23 12:41:03', '11', 1),
	(56, '교수님은 이걸 봐주세요', 'dosly2', '2022-09-23 15:45:26', '저희 다같이 칼퇴를 합시다\r\n오늘의 과제는 \'다같이 칼퇴하기\'입니다.\r\n자 그럼 이만 모두 해산!\r\n수고하셨습니다. 즐거운 주말 보내시고 이번주는 수고하셨으니 다음주는 모두 보강없는 공강입니다.\r\n다다음주에 봅시다.\r\n.\r\n.\r\n.\r\n여기까지 교수님들의 말씀 전했습니다. \r\n그럼 진짜 안녕! 모두 다다음주에 만나요!!!!!\r\n....\r\n교수님 저희는 언제 갈 수 있는 건가요...?\r\n집에 가고 싶습니다. 제발 저희를 이만 놓아주세요..제발 보내주세요,,,,,,,ㅠㅠㅠㅠㅠ', 1),
	(57, '의정,민', 'kosyoun1234', '2022-09-23 16:29:05', '경신아 너의 영혼을 담은 졸업작품 잘보고갈게~ 남은 학기도 잘지내!! 사랑해 너가 가장 좋아하는 미니가^^\r\n이경신의 졸작이 드디어 끝났다니..내가눈물난다 ㅠㅠ 경신아 축하하고 우리 이제 행복하자^~^ 사랑해 여정이가*#*', 1);

-- 테이블 dosly2.connect 구조 내보내기
CREATE TABLE IF NOT EXISTS `connect` (
  `connect_questid` int(11) DEFAULT NULL,
  `connect_wordid` int(11) DEFAULT NULL
) ENGINE=InnoDB DEFAULT CHARSET=utf8;

-- 테이블 데이터 dosly2.connect:~394 rows (대략적) 내보내기
INSERT IGNORE INTO `connect` (`connect_questid`, `connect_wordid`) VALUES
	(0, 0),
	(0, 1),
	(0, 2),
	(0, 3),
	(1, 4),
	(1, 2),
	(2, 5),
	(2, 6),
	(3, 7),
	(3, 8),
	(3, 15),
	(4, 3),
	(4, 1),
	(4, 2),
	(5, 10),
	(5, 11),
	(6, 13),
	(6, 14),
	(9, 16),
	(9, 17),
	(9, 10),
	(10, 10),
	(10, 18),
	(10, 19),
	(11, 20),
	(11, 21),
	(12, 22),
	(12, 23),
	(13, 27),
	(13, 26),
	(14, 24),
	(14, 25),
	(6, 10),
	(7, 10),
	(8, 10),
	(8, 15),
	(8, 16),
	(11, 10),
	(12, 10),
	(13, 10),
	(14, 10),
	(15, 28),
	(15, 29),
	(16, 30),
	(16, 31),
	(16, 32),
	(17, 30),
	(17, 31),
	(17, 32),
	(18, 30),
	(18, 31),
	(18, 32),
	(19, 33),
	(19, 34),
	(20, 35),
	(20, 36),
	(20, 37),
	(20, 38),
	(21, 281),
	(21, 264),
	(23, 44),
	(23, 45),
	(23, 46),
	(24, 47),
	(24, 48),
	(25, 44),
	(25, 47),
	(25, 48),
	(25, 49),
	(26, 44),
	(27, 51),
	(28, 52),
	(28, 53),
	(28, 54),
	(29, 55),
	(29, 56),
	(30, 57),
	(31, 58),
	(31, 59),
	(32, 60),
	(33, 55),
	(33, 62),
	(33, 63),
	(34, 55),
	(34, 64),
	(34, 65),
	(35, 66),
	(35, 55),
	(36, 67),
	(36, 55),
	(37, 68),
	(37, 55),
	(38, 53),
	(38, 55),
	(39, 70),
	(39, 71),
	(39, 55),
	(39, 72),
	(40, 73),
	(40, 74),
	(41, 299),
	(41, 55),
	(42, 66),
	(42, 55),
	(42, 77),
	(43, 78),
	(43, 68),
	(43, 55),
	(44, 81),
	(44, 82),
	(44, 83),
	(45, 81),
	(45, 82),
	(46, 85),
	(46, 86),
	(46, 87),
	(47, 85),
	(47, 86),
	(47, 87),
	(48, 259),
	(48, 89),
	(49, 90),
	(50, 83),
	(51, 83),
	(51, 92),
	(52, 289),
	(52, 287),
	(53, 6),
	(53, 289),
	(54, 289),
	(54, 287),
	(55, 209),
	(55, 97),
	(55, 6),
	(55, 261),
	(56, 100),
	(56, 287),
	(56, 289),
	(56, 259),
	(57, 100),
	(57, 289),
	(57, 287),
	(57, 6),
	(58, 108),
	(58, 259),
	(59, 108),
	(59, 303),
	(60, 108),
	(60, 111),
	(60, 112),
	(60, 113),
	(61, 113),
	(64, 146),
	(64, 257),
	(65, 267),
	(65, 151),
	(65, 152),
	(66, 153),
	(66, 154),
	(66, 151),
	(66, 108),
	(67, 108),
	(67, 152),
	(67, 267),
	(68, 108),
	(68, 155),
	(68, 161),
	(69, 162),
	(70, 163),
	(71, 164),
	(72, 165),
	(72, 121),
	(72, 169),
	(72, 170),
	(73, 83),
	(73, 169),
	(73, 170),
	(74, 32),
	(74, 169),
	(74, 170),
	(74, 121),
	(75, 177),
	(75, 178),
	(75, 179),
	(75, 142),
	(76, 152),
	(76, 182),
	(76, 267),
	(77, 187),
	(77, 287),
	(78, 191),
	(78, 194),
	(79, 191),
	(79, 59),
	(79, 194),
	(80, 191),
	(80, 194),
	(80, 267),
	(81, 191),
	(81, 194),
	(81, 196),
	(82, 197),
	(82, 287),
	(83, 197),
	(83, 287),
	(83, 194),
	(82, 6),
	(84, 197),
	(85, 202),
	(85, 259),
	(85, 204),
	(85, 261),
	(86, 205),
	(86, 207),
	(86, 208),
	(87, 209),
	(87, 210),
	(87, 211),
	(87, 212),
	(87, 6),
	(88, 209),
	(88, 214),
	(88, 216),
	(88, 6),
	(89, 54),
	(89, 259),
	(89, 56),
	(90, 223),
	(90, 287),
	(90, 261),
	(91, 223),
	(91, 259),
	(91, 287),
	(92, 229),
	(92, 230),
	(93, 232),
	(94, 234),
	(94, 289),
	(95, 235),
	(96, 238),
	(96, 239),
	(97, 238),
	(97, 239),
	(98, 10),
	(98, 15),
	(98, 234),
	(98, 292),
	(99, 243),
	(99, 244),
	(100, 245),
	(100, 202),
	(100, 259),
	(101, 248),
	(101, 261),
	(102, 248),
	(102, 234),
	(103, 35),
	(103, 36),
	(104, 255),
	(84, 256),
	(96, 6),
	(103, 37),
	(82, 194),
	(83, 259),
	(0, 4),
	(0, 262),
	(0, 263),
	(1, 1),
	(1, 3),
	(1, 264),
	(2, 9),
	(2, 264),
	(3, 6),
	(3, 264),
	(4, 265),
	(7, 261),
	(7, 266),
	(9, 15),
	(9, 26),
	(10, 15),
	(10, 268),
	(10, 269),
	(11, 14),
	(12, 15),
	(12, 14),
	(15, 30),
	(15, 31),
	(15, 32),
	(15, 271),
	(16, 29),
	(16, 272),
	(16, 273),
	(17, 264),
	(17, 29),
	(18, 49),
	(18, 274),
	(18, 275),
	(18, 276),
	(18, 29),
	(19, 264),
	(20, 277),
	(20, 278),
	(20, 280),
	(21, 282),
	(21, 267),
	(21, 283),
	(22, 41),
	(22, 42),
	(22, 43),
	(22, 44),
	(22, 284),
	(22, 14),
	(22, 49),
	(23, 289),
	(23, 290),
	(23, 209),
	(24, 44),
	(25, 284),
	(25, 274),
	(26, 270),
	(27, 1),
	(27, 285),
	(28, 286),
	(28, 44),
	(29, 287),
	(29, 288),
	(30, 55),
	(30, 271),
	(30, 288),
	(31, 55),
	(31, 14),
	(32, 55),
	(32, 291),
	(32, 61),
	(32, 292),
	(32, 293),
	(33, 295),
	(33, 294),
	(34, 296),
	(34, 297),
	(40, 55),
	(45, 83),
	(45, 261),
	(46, 84),
	(47, 84),
	(47, 83),
	(49, 259),
	(49, 83),
	(50, 289),
	(50, 287),
	(50, 259),
	(51, 289),
	(51, 287),
	(52, 261),
	(53, 287),
	(54, 2),
	(55, 287),
	(55, 289),
	(58, 300),
	(61, 108),
	(61, 111),
	(61, 112),
	(62, 108),
	(62, 260),
	(63, 108),
	(63, 141),
	(63, 267),
	(64, 267),
	(69, 242),
	(70, 217),
	(70, 198),
	(70, 206),
	(71, 143),
	(75, 260),
	(78, 259),
	(81, 11),
	(85, 245),
	(86, 206),
	(86, 267),
	(94, 233),
	(97, 259),
	(99, 89),
	(99, 83),
	(100, 261),
	(103, 38),
	(103, 277),
	(103, 278),
	(103, 280),
	(104, 237),
	(104, 244),
	(101, 304),
	(102, 304),
	(95, 37),
	(105, 305);

-- 테이블 dosly2.faq 구조 내보내기
CREATE TABLE IF NOT EXISTS `faq` (
  `faq_id` int(5) NOT NULL AUTO_INCREMENT,
  `faq_category` varchar(200) DEFAULT NULL,
  `faq_answer` varchar(1300) DEFAULT NULL,
  `faq_scenario` varchar(200) DEFAULT NULL,
  `faq_cc` int(11) DEFAULT NULL,
  PRIMARY KEY (`faq_id`)
) ENGINE=InnoDB AUTO_INCREMENT=21 DEFAULT CHARSET=utf8;

-- 테이블 데이터 dosly2.faq:~20 rows (대략적) 내보내기
INSERT IGNORE INTO `faq` (`faq_id`, `faq_category`, `faq_answer`, `faq_scenario`, `faq_cc`) VALUES
	(1, '학사일정', '이번 달 학사 일정을 미리 체크해볼까요?\r\n\r\n9월 학사일정\r\n08.22 ~ 09.21 : 2학기 등록 휴학 신청기간\r\n09.01 : 2학기 개시일\r\n09.01 ~ 09.07 : 2학기 전공 및 교양 수강신청 정정기간\r\n09.30 : 학기개시(30일)\r\n', NULL, 1),
	(2, '등록금안내', '*2022학년도 1학기 재학생 등록금 안내 \r\n1.등록기간 \r\n2.납부가능시간 \r\n-자세한사항은 학교 공지사항을 확인하세요:)\r\n\r\n<<학교 등록 정보가 포함된 학교 홈페이지 url기제>>				\r\n', NULL, 1),
	(3, '교내연락처', '자세한 정보는 로그인을 하지 않으면 이용할 수 없어요!\r\n버튼0. 로그인홈페이지\r\n버튼1. 학과연락처(http://hm.seoil.ac.kr/109?group=%ED%95%99%EA%B3%BC)\r\n버튼2. 부속기관(http://hm.seoil.ac.kr/109?group=%EB%B6%80%EC%86%8D%EA%B8%B0%EA%B4%80)\r\n버튼3. 부설기관(http://hm.seoil.ac.kr/109?group=%EB%B6%80%EC%84%A4%EA%B8%B0%EA%B4%80)', NULL, NULL),
	(4, '캠퍼스맵', '* 서일대학교 캠퍼스를 안내해드릴게요!\r\n\r\n서일대학교 : 서울특별시 중랑구 용마산로 90길 28 | 우편번호 02192 | 전화번호 : 02-490-7300 \r\n가까운 역 : 7호선 면목역 2번 출구, 1호선 청량리역 \r\n버스 안내 : [간선] 271(상암동<->서일대) [지선] 2013(상왕십리역<->서일대) 2230(청량리역) <->서일대) 1213(국민대앞<->서일대)\r\n\r\nhttp://hm.seoil.ac.kr/116 | [ 서일대학교 가는 길 ]\r\n\r\n\r\n* 전화번호 및 영업시간은 아래 버튼을 통해 확인해주세요~ :)\r\n\r\nhttp://hm.seoil.ac.kr/109 | [ 전화번호 안내 ]\r\nhttp://hm.seoil.ac.kr/115 | [ 캠퍼스 안내]', NULL, NULL),
	(5, '학점관리', '* 이수한 학점에 대해서 알아볼까요?\r\n\r\n이수한 학점은 [종합정보시스템]→[성적관리]→[누계성적관리]로 들어가면 확인할 수 있습니다!\r\n\r\n학점 계산은 에브리타임 어플리케이션을 통해 계산하거나 [종합정보시스템]→[성적관리]→[누계성적관리]로 들어가시면 확인할 수 있습니다!\r\n\r\nhttp://hm.seoil.ac.kr/80/95/?category_idno=539 [ 학점 ]\r\n\r\n\r\n* 이수 가능한 학점에 대해서 알려드릴게요!\r\n19학번 이상부터 2년제는 75학점 (교양 6~10학점), 3년제는 110학점 (교양 8~14학점), 4년제는 130학점 (교양 25~28학점)을 수강해야 하며, 학 학기당 15학점부터 21학점까지 신청 가능합니다!\r\n\r\n\r\n* 학사 경고를 받았을 경우, 일부 혜택을 받는 데에 제한이 있을 수 있으며, 학사 경고를 연속해서 2번 받을 경우 유급되며, 학사경고자 명단은 학과 사무실에서 확인 가능합니다.\r\n\r\n\r\n* 학점으로 인정받을 수 있는 봉사활동에 대해서 알려드릴게요!\r\n\r\n1365 자원봉사 포털에 탑재된 기관이거나 연동 가능할 경우 인정하며, 개인 시설이나 미인가 시설은 인정하지 않습니다. 성적 처리는 교양교육센터장이 사회봉사활동 확인서 및 사회봉사 실습 보고서를 검토한 후 이상이 없을 시 학점을 부여합니다. 교내에서 진행하는 서일 인성 특강을 한 차례 이상 이수하는 것을 권장하며, 수강신청하지 않은 봉사활동은 학점으로 인정되지 않습니다. 자세한 사항은 본 교양교육센터(02-490-7555)로 문의 주세요.', NULL, NULL),
	(6, '장학금안내', '장학금에 대한 정보를 알려드릴게요! :)\r\n\r\n신청 가능한 장학금들로는 국가장학금, 서울희망장학금, 호천 장학금, 지덕배양 장학금, 초지일관 장학금, 보훈 장학금, 서일사랑장학금, su포인트 장학금, 재직자녀 장학금, 공로장학금, 학보사 장학금, 방송국 장학금, 서일도움 장학금, 서일가족 장학금, 전공심화입학 장학금, 세움 장학금, 돋움 장학금, 서일지킴이 장학금, 자매결연해외학기제 장학금, 산업체위탁교육 장학금, 외국인 장학금, 창업 장학금, 성적향상 장학금, 탈북대학생 장학금, 주경야독 장학금, 홍보대사 장학금 등이 있습니다.\r\n\r\n교내에서 신청 가능한 장학금들로는 과대 장학금, 호천 장학금, 지덕배양 장학금, 초지일관 장학금, 보훈 장학금, 서일사랑장학금, su포인트 장학금, 재직자녀 장학금, 공로장학금, 학보사 장학금, 방송국 장학금, 서일도움 장학금, 서일가족 장학금, 전공심화입학 장학금, 세움 장학금, 돋움 장학금, 서일지킴이 장학금, 자매결연해외학기제 장학금, 산업체위탁교육 장학금, 외국인 장학금, 창업 장학금, 성적향상 장학금, 탈북대학생 장학금, 주경야독 장학금, 홍보대사 장학금 등이 있습니다.\r\n\r\n장학금에 대한 최신 정보는 과 단톡방이나 아래 페이지를 통해 확인해주세요!\r\nhttp://hm.seoil.ac.kr/70 | [서일장학공지]\r\nhttp://hm.seoil.ac.kr/80/95/?category_idno=540 | [장학금 문의 사이트]', NULL, 1),
	(7, 'ecampus', '학생이 수업을 듣는 데에 도움을 받을 수 있는 eCampus의 주소입니다:) \r\n공지, 교수님이 제공하는 자료 파일을 제공받거나 강의를 수강할 수 있습니다.\r\n\r\nhttps://ecampus.seoil.ac.kr/local/intro/main.php [ ecampus ] ', NULL, NULL),
	(8, '수강신청', '* 수강신청에 대해서 알려드릴게요!\r\n\r\n수강신청은 서일대학교 수강신청 홈페이지에서 할 수 있어요. 하단의 버튼을 통해 연결해 드릴게요!\r\n\r\n20nn-n학기 수강신청 일정 안내\r\n20nn학년도 n학기 수강신청 일정을 확인해 주세요.\r\n✅수강신청 : 00.00(-) ~ 00.00(-)\r\n\r\n\r\n[ 수강신청 바로가기] https://sugang.seoil.ac.kr/sugang/sugang/doLogin.do\r\n[ 수강신청 일정 안내] http://hm.seoil.ac.kr/65/77/read?&search_fld=all&search=%EC%88%98%EA%B0%95%EC%8B%A0%EC%B2%AD&idno=596\r\n\r\n', NULL, 1),
	(9, '세방도서관', '[캠퍼스맵사진]\r\n서일대학교 도서관은 7번 입니다?\r\n세방도서관 사이트나 어플에서 \r\n도서 대출현황,연장,예약 / 희망도서 신청,조회 / 좌석 현황 등을 확인할 수 있어요\r\n	<< 서일대 캠퍼스 안내 >>\r\n    << 세방도서관 홈페이지 바로가기 >>\r\n         << 세방도서관 APP 설치 >>"						', NULL, 1),
	(10, '세방도서관', '세방 도서관 층별 안내를 도와드릴게요\r\n\r\n도서관\r\n12F	제3자료 열람실, 영상정보실, 도서관장실\r\n11F	제2자료 열람실 (도서대출)\r\n10F	제1자료 열람실, 도서관운영팀\r\n9F	제6자유열람실, 정보검색실\r\n8F	제1~제5자유열람실\r\n7F	보육교사교육원\r\n6F	강의실\r\n5F	세무회계학과\r\n4F	자산법률학과\r\n3F	미디어출판학과\r\n2F	스터디룸\r\n1F	잡카페, 취업상담실, 무인도서반납"						\r\n						', NULL, 2),
	(11, '세방도서관', '자유열람실 (좌석) 이용 안내\n도서관 자유열람실(도서관 9층)을 이용하기 위해서 도서관 모바일 앱 설치 후\n좌석관리(클리커) 로 좌석을 배정받아 이용할 수 있어요\n= 세방도서관 (클리커 APP) 이용방법 =\n——————————————————————————————\n도서 대출 / 반납\n⚠️학생은 5권 까지 대출 가능해요. 대출기간은 7일이고 기간연기 1회 가능합니다.\n✅대출 : 이용자가 직접 서가에 접근하여 도서를 선택후 본인학생증(도서대출증 겸용)과  대출할 자료를 대출대에 제시하면 서일도움장학생이 본인확인후 대출하여줍니다\n⛔️다른 사람의 학생증을 빌려 사용하거나 대리 대출은 할 수 없으며 만약, 발견시에 불이익이 돌아갈 수 있으니 유의해주세요!\n✅반납 : 도서관에서 대출한 자료는 기간내에 반납함을 원칙으로 하며, 대출했던 자료는 반드시 반납대에서 서일도움장학생에게 반납후 반납확인을 받아야 한답니다\n**도서자동반납기(도서관1층), 도서자동대출반납기(제1자료열람실 10층)에서 반납가능해요\n					', NULL, 3),
	(12, '학사일정', '축제와 관련된 공지가 있는지 확인해보아요!					\r\n\r\n2022학년도 축제 일정\r\n22.10.05 ~ 10.07', NULL, 2),
	(13, '등록금안내', '등록금 납부 방법은 개인별 고지서를 확인한 후 학교 가상계좌로 입금하면 됩니다!\n납부해야하는 등록금과 입금 계좌는 [] ->[] -> [] 메뉴에서 확인하실 수 있어요~				', NULL, 2),
	(14, '장학금안내', '장학금 수혜에 대해 알려드릴게요\r\n\r\n현 수혜 내역은 아래 버튼으로 들어가 종합정보시스템 → 장학관리로 들어가시면 확인할 수 있습니다!\r\nhttps://stis.seoil.ac.kr/stis/xstart.jsp?epTicket=LOG | [장학금 수혜내역]\r\n\r\n등록금의 금액까지 지급받을 수 있으며, 전액 장학금을 받았을 때 추가적인 수혜는 불가능합니다.\r\n또, 한도 내까지는 동시 수혜가 가능하나 동일한 종류 내에서는 이중으로 지급받을 수 없습니다.\r\n\r\n장학금 수령 방식은 학생이 정할 수 없습니다. 학기 초에 등록금 고지서 작업 이전에 지급되는 장학금은 선감면되며, 그 이후에 나오는 장학금들은 학생에게 개별적으로 지급됩니다.', NULL, 2),
	(15, '등록금안내', '*2022년도 1학기 재학생 등록금 분할납부 안내\r\n\r\n서일대학교 홈페이지 -> [서일광장] -> [서일소식] -> [학사공지] 를 통해 확인할 수 있어요\r\n-신청기간 : \r\n-분할납부 고지서 출력 방법 : \r\n\r\n[분할납부안내 url] \r\n', NULL, 3),
	(16, '등록금안내', '지금까지 납부한 등록금 내역을 확인해볼까요?\r\n\r\n버튼1. 등록금 납입 확인서\r\n버튼2. 등록금 분할 납입 확인서\r\n버튼3. 등록금 관련 학교 홈페이지 url			\r\n', NULL, 4),
	(17, '등록금안내', '등록금 환불/반환은 반환 사유가 발생했을 때 가능합니다.\r\n반환사유가되는 대표적은 상황을 알려드릴게요\r\n\r\n1.\r\n2.\r\n3.\r\n\r\n자세한 사항은 url을 통해 확인해 주세요!\r\n<<학교 홈페이지 바로가기>>', NULL, 5),
	(18, '수강신청', '계절학기 안내드릴게요:> \r\n밑의 사이트를 통해 안내를 확인해 주세요!\r\n\r\n<<계절학기 안내>>', NULL, 3),
	(19, '수강신청', '[서일대학교 교양교육센터]\r\n\r\nnn학년도 n학기 교양교과목 개설현황보기 버튼을 참고해주세요\r\n수강신청시 개설현황 참고하여 신청바랍니다!\r\n-문의 : 02-490-7555\r\n\r\n<< nn학년도 n학기 교양교과목 개설현황 >>\r\n<<교양 수강신청 바로가기>>						', NULL, 2),
	(20, '장학금안내', '어떤 장학금들이 있는지 알려드릴게요!\r\n\r\n\r\n* 국가 장학금\r\n	한국장학재단 내의 일정한 선발기준을 거쳐 지급되는 장학금입니다. 국가장학금 고객지원 상담센터 번호는 1599-2000, 국가장학금 문의를 위한 학생지원처는 02-490-7363, 성적 관련 문의는 교무처인 02-490-7554로 문의 주시면 됩니다. 자세한 사항은 아래의 버튼에 연결된 한국장학재단 사이트를 통해 확인 바랍니다!\r\n	https://www.kosaf.go.kr | [한국장학재단]\r\n\r\n* 복지 장학금\r\n	국가 장학금을 신청했을 경우 따로 신청이 필요 없으며, 미 신청 시 학과 측의 복지 장학금 신청 공지에 맞춰 필요한 서류를 학과로 제출해주시면 됩니다. 기준은 한국장학재단에서 선정한 소득분위와 기준 성적 2.0 이상으로 심사됩니다. 소득 분위가 해당되지 않거나 등록금 범위를 넘길 경우 지급되지 않을 수 있습니다.\r\n\r\n* 성적 장학금\r\n	지덕배양장학금, 호천장학금 등이 있으며 석차순으로 교양 + 전공의 총 성적 순으로 지급됩니다. 등록금에서 선차감되는 방식으로, 대출이 없을 경우 학생 본인의 계좌로 지급되며 미등록 휴학 시 반환 처리 됩니다. 휴학 중에도 성적 장학금 혜택을 받고자 할 경우 등록 휴학을 해주시기 바랍니다.\r\n\r\n* 봉사 장학금\r\n	학생 자치활동 등의 활동을 하는 학생들을 대상으로 하는 등록금성 장학금으로 학기 말에 학생 계좌 혹은 학자금 대출 상환 형식으로 지급됩니다.\r\n\r\n* su 포인트 장학금\r\n	매년 2학기 말에 서일 su 시스템 상 누적된 포인트가 많은 학생에게 지급하는 장학금으로 별도의 신청이 필요하지 않습니다. 종강 후 평균적으로 한 달 반 이후에 지급되며, 1월 말 혹은 2월 중순에 등록된 계좌로 지급됩니다. 지급 조건은 재학생 역량 강화 프로그램을 수강하여 일반 학과의 경우 포인트 150점 이상을, 특성화 학과의 경우 포인트 180점 이상을 충족해야 합니다. 지급액은 별도로 책정되며 20만원에서 100만원 가량 지급됩니다.\r\n\r\n* 신입생특별 장학금\r\n	정원 내 전형 중 수시와 정시 전형으로 입학한 학생 중 수석과 차석에게 지급하는 전체 수석 및 차석 장학금과 정원 내 전형 중 수시 및 정시에서 학과 최고성적으로 선발된 학생에게 지급되는 학과 수석 장학금이 있습니다.\r\n\r\n* 금연 장학금\r\n	금연 장학금은 매년 1학기에 신청 받습니다.\r\n\r\n* 과대 장학금\r\n	해당 학기가 끝난 후, 등록금에서 차감되어 지급됩니다.\r\n\r\n* 국가근로 장학금\r\n	한국장학재단의 성적 기준과 소득분위에 따라 심사가 되며, 학교에서 하는 교내 근로 장학생의 경우 각 부서에서 채용 후 관리하게 됩니다.\r\n', NULL, 3);

-- 테이블 dosly2.member 구조 내보내기
CREATE TABLE IF NOT EXISTS `member` (
  `id` varchar(30) NOT NULL,
  `password` varchar(50) NOT NULL,
  `email` varchar(50) NOT NULL DEFAULT '0',
  `name` varchar(30) NOT NULL DEFAULT '0',
  `nickname` varchar(50) NOT NULL,
  PRIMARY KEY (`id`)
) ENGINE=InnoDB DEFAULT CHARSET=utf8;

-- 테이블 데이터 dosly2.member:~2 rows (대략적) 내보내기
INSERT IGNORE INTO `member` (`id`, `password`, `email`, `name`, `nickname`) VALUES
	('dosly2', '1234', 'dosly2@naver.com', '이경신', '고승연바보'),
	('kosyoun1234', 'ko010121', 'rhtmddus0121@naver.com', '고승연', '승연'),
	('song', '1108', 'song@naver.com', '송송송', '쏭');

-- 테이블 dosly2.quest 구조 내보내기
CREATE TABLE IF NOT EXISTS `quest` (
  `quest_id` int(11) NOT NULL,
  `quest_content` varchar(50) DEFAULT NULL,
  PRIMARY KEY (`quest_id`)
) ENGINE=InnoDB DEFAULT CHARSET=utf8;

-- 테이블 데이터 dosly2.quest:~106 rows (대략적) 내보내기
INSERT IGNORE INTO `quest` (`quest_id`, `quest_content`) VALUES
	(0, '이번 달 학사 일정이 뭔가요			\r\n'),
	(1, '학교 일정은 뭔가요			\r\n'),
	(2, '학교 행사는 언제있나요			\r\n'),
	(3, '학교 축제는 언제있나요			\r\n'),
	(4, '월별 학사 일정이 궁금해요			\r\n'),
	(5, '등록금 얼마야			\r\n'),
	(6, '등록금 금액 확인하고 싶어			\r\n'),
	(7, '등록금 어떻게 내?			\r\n'),
	(8, '등록금 납부 하고싶어			\r\n		\r\n'),
	(9, '등록금 납부방법이 뭐야'),
	(10, '등록금 분할결제 하고싶어			\r\n'),
	(11, '등록금 고지서 확인하고싶어			\r\n'),
	(12, '등록금 납입확인 어떻게 하나요			\r\n'),
	(13, '등록금은 어떤 경우에 환불되나요			\r\n'),
	(14, '등록금은 어떤 경우에 반환되나요			\r\n'),
	(15, '교내연락처 알려줘			\r\n'),
	(16, '교수님 전화번호 알려줘'),
	(17, '학교 전화번호 알려줘'),
	(18, '과사 전화번호 알려줘'),
	(19, '캠퍼스 지도 보여줘'),
	(20, '통학버스 시간표와 노선을 알고 싶어'),
	(21, '서일대학교 가는 방법이 뭐야'),
	(22, '이수한 학점을 확인하고 싶어\r\n'),
	(23, '한 학기에 수강 신청 가능한 학점은 몇 점이야?\r\n'),
	(24, '졸업 학점이 궁금해\r\n'),
	(25, '학과별 졸업 이수 학점이 궁금해\r\n'),
	(26, '학점 계산은 어떻게 해?\r\n'),
	(27, '학사경고를 받았을 때 어떻게 해?\r\n'),
	(28, '봉사활동도 학점으로 인정 받을 수 있어?\r\n'),
	(29, '신청 가능한 장학금은 어떤 게 있어?\r\n'),
	(30, '교내에서 지급받을 수 있는 장학금에는 어떤 게 있어?\r\n'),
	(31, '장학금 내역을 확인하고 싶어\r\n'),
	(32, '전액 장학금일 때 다른 장학금을 추가지급 받을 수 있는지 궁금해\r\n'),
	(33, '장학금 동시 수혜받을 수 있어?\r\n'),
	(34, '장학금 수령 방식을 선택할 수 있어?\r\n'),
	(35, '국가장학금에 대한 정보를 알려줘\r\n'),
	(36, '복지장학금에 대한 정보를 알려줘\r\n'),
	(37, '성적장학금에 대한 정보를 알려줘\r\n'),
	(38, '봉사장학금에 대한 정보를 알려줘\r\n'),
	(39, 'su포인트장학금에 대한 정보를 알려줘\r\n'),
	(40, '신입생특별장학금에 대한 정보를 알려줘\r\n'),
	(41, '과대장학금에 대한 정보를 알려줘\r\n\r\n'),
	(42, '국가근로장학금에 대한 정보를 알려줘\r\n'),
	(43, '성적향상장학금에 대한 정보를 알려줘\r\n'),
	(44, 'ecampus 주소 알려줘			\r\n'),
	(45, 'ecampus 어떻게 들어가?			\r\n'),
	(46, '원격교육지원센터 어떻게 들어가?			\r\n'),
	(47, '원격교육지원센터 주소 알려줘			\r\n'),
	(48, '온라인 강의 어디서 들어?			\r\n'),
	(49, 'eclass 어디로 들어가			\r\n'),
	(50, '수강신청 어디서 해'),
	(51, '수강신청 사이트 어디야'),
	(52, '수강신청 어떻게 '),
	(53, '수강신청 언제야'),
	(54, '수강신청 일정이 뭐야'),
	(55, '계절학기 언제 어떻게 수강신청해'),
	(56, '교양 수강신청 어디서 해'),
	(57, '교양 수강신청 언제야'),
	(58, '도서관 어딨어 '),
	(59, '도서관 위치 알려줘'),
	(60, '도서관 층별 안내해줘\r\n'),
	(61, '도서관 **은 몇층이야'),
	(62, '도서관에 뭐있어?\r\n'),
	(63, '도서관 대출방법이 뭐야'),
	(64, '도서 반납 방법이 뭐야'),
	(65, '열람실 이용방법이 뭐야\r\n'),
	(66, '열람실 좌석 예약 어떻게 해'),
	(67, '도서관 이용방법이 뭐야'),
	(68, '도서관 운영시간 알려줘'),
	(69, '동아리에 대해 설명해줘'),
	(70, '학생자치단체가 뭐야'),
	(71, '대외활동에 대해서 알려줘'),
	(72, '학생 정보 이름을 수정하고싶어'),
	(73, '주소지 수정하고싶어'),
	(74, '전화번호 수정하고싶어\r\n'),
	(75, '누리인재 프로그램이 뭐야\r\n'),
	(76, '주차장 이용 하고싶어 '),
	(77, '사물함 신청 어떻게 해'),
	(78, '증명서발급은 어디에서 받아 '),
	(79, '증명서 발급 내역을 확인하고 싶어'),
	(80, '증명서 발급하는 방법을 알려줘\r\n'),
	(81, '증명서 발급 수수료는 얼마야?\r\n'),
	(82, '학생증 신청은 언제까지야?'),
	(83, '학생증 신청은 어디에서 해?'),
	(84, '모바일 학생증에 대해 알려줘'),
	(85, '출석체크는 어디에서 확인해?'),
	(86, '병결 처리 방법을 알려줘'),
	(87, '학기 개시일이 언제야? '),
	(88, '학기 종강일이 언제야? '),
	(89, '학교 학식 어디서 먹어?'),
	(90, '휴학 신청은 어떻게 해?'),
	(91, '휴학 신청은 어디서 해?'),
	(92, '군 휴학 하려면 어떻게 해?'),
	(93, '학교 와이파이 사용 방법이 뭐야'),
	(94, '수강 정정 기간이 언제야?'),
	(95, '총학 인스타 주소 알려줘'),
	(96, '입학식 언제야?'),
	(97, '입학식 어디서 해?'),
	(98, '등록금 추가 납부 기간이 어떻게 돼?'),
	(99, '강의 평가 어디서 해?'),
	(100, '출결 확인 어디서 해?'),
	(101, '전과 어떻게 해?'),
	(102, '전과 기간이 어떻게 돼?'),
	(103, '학교 통학 버스 운행 알려줘'),
	(104, '진단평가는 어디서 해?'),
	(105, '제일 미남이 누구인가요?');

-- 테이블 dosly2.REPLY 구조 내보내기
CREATE TABLE IF NOT EXISTS `REPLY` (
  `userID` varchar(20) DEFAULT NULL,
  `replyID` int(11) NOT NULL AUTO_INCREMENT,
  `replyContent` varchar(100) DEFAULT NULL,
  `bbsID` int(11) DEFAULT NULL,
  `replyAvailable` int(11) DEFAULT NULL,
  PRIMARY KEY (`replyID`),
  KEY `FK_bbsID` (`bbsID`) USING BTREE,
  CONSTRAINT `FK_bbsID` FOREIGN KEY (`bbsID`) REFERENCES `BBS` (`bbsID`) ON DELETE NO ACTION ON UPDATE NO ACTION
) ENGINE=InnoDB AUTO_INCREMENT=33 DEFAULT CHARSET=utf8;

-- 테이블 데이터 dosly2.REPLY:~30 rows (대략적) 내보내기
INSERT IGNORE INTO `REPLY` (`userID`, `replyID`, `replyContent`, `bbsID`, `replyAvailable`) VALUES
	('dosly3', 1, 'ㅎㅇㅎㅇㅇㅎ후후안녕한새영', 20, 1),
	('dosly3', 2, 'ㅎㅇㅇ나너연아야양', 21, 1),
	('dosly3', 3, 'dadadefadfsdafd', 17, 1),
	('98ogh', 4, 'ㅇㅇ', 20, 1),
	('dosly2', 5, 'dfdfdfdfd', 22, 1),
	('dosly3', 6, '안녕훟', 28, 0),
	('dosly3', 7, 'ㅇㅇㅇ', 28, 1),
	('dosly2', 8, 'ㅇㄹㅇ', 30, 1),
	('dosly2', 9, 'ㄴㅇㄴ', 30, 1),
	('dosly2', 10, 'ㅇㄹㅇㄹ', 30, 1),
	('dosly2', 11, '안녕하세요', 30, 1),
	('dosly2', 12, '나야나', 30, 1),
	('dosly2', 13, 'ㅎㅇ요', 30, 1),
	('dosly2', 14, '11111', 26, 1),
	('dosly2', 15, '2222', 26, 1),
	('dosly2', 16, 'ㅎㅎ', 27, 1),
	('dosly2', 17, '안녕하세요', 37, 1),
	('dosly2', 20, 'ㅎㅎ', 36, 1),
	('dosly3', 21, '헐 나두 오늘 공강인데 같이 밥 먹자!!', 40, 1),
	('dosly2', 22, 'gdgdgd안녕하새여', 45, 1),
	('dosly2', 23, 'dd', 41, 1),
	('dosly2', 24, 'dfdfdfd', 45, 1),
	('98ogh', 25, 'ㅂㅕㅕ', 43, 1),
	('98ogh', 26, 'ㅇㅈㅇㅈ', 46, 1),
	('98ogh', 27, 'ㅇㅈㅇㅈ', 46, 1),
	('98ogh', 28, 'ㅇㄹ', 48, 1),
	('dignp48', 29, '.', 54, 1),
	('dosly2', 30, '찬성 : 26표', 56, 1),
	('kosyoun1234', 31, '찬성 : 167표', 56, 1),
	('kosyoun1234', 32, '어쩔티비', 49, 1);

-- 테이블 dosly2.USER 구조 내보내기
CREATE TABLE IF NOT EXISTS `USER` (
  `userID` varchar(20) NOT NULL,
  `userPassword` varchar(20) DEFAULT NULL,
  `userName` varchar(20) DEFAULT NULL,
  `userEmail` varchar(50) DEFAULT NULL,
  PRIMARY KEY (`userID`)
) ENGINE=InnoDB DEFAULT CHARSET=utf8;

-- 테이블 데이터 dosly2.USER:~15 rows (대략적) 내보내기
INSERT IGNORE INTO `USER` (`userID`, `userPassword`, `userName`, `userEmail`) VALUES
	('2rudtls21', '123141', '이경신', 'dgsdfewfdsf@naver.co'),
	('98ogh', '1111', '오건희', '98ogh@naver.com'),
	('alsdla1234', 'rlrlaals0207', '김민', 'alsdla1234@naver.com'),
	('chlalstjd', '1234', '최민성', 'ka2ka2@asdas.sad'),
	('cltn2010', 'cltn1004!', '송치수', 'cltn2010@naver.com'),
	('dignp48', 'qa10fy77', '박승환', 'dignp48@naver.com'),
	('dosly2', '1234', '이경신', 'dosly2@naver.com'),
	('dosly22', '1234', '이굥신', 'dosly22@naver.com'),
	('dosly3', '1234', '이경신', 'dosly3@naver.com'),
	('hello', '1234', '안녕', 'hello@naver.com'),
	('kosyoun1234', '0121', '고승연', 'rhtmddus0121@naver.c'),
	('pine0228', 'bts13613!', '여의정', 'pine02288@naver.com'),
	('rhwnsgh', 'rhwnsgh', '염채림', 'cjscotkfla@naver.com'),
	('test', 'test1', '테스트', 'test@naver.com'),
	('tkachs1004', 'rlaehgus315!', '김도현', 'tkachs8625@gmail.com');

-- 테이블 dosly2.word 구조 내보내기
CREATE TABLE IF NOT EXISTS `word` (
  `word_id` int(11) NOT NULL,
  `word_content` varchar(20) DEFAULT NULL,
  PRIMARY KEY (`word_id`)
) ENGINE=InnoDB DEFAULT CHARSET=utf8;

-- 테이블 데이터 dosly2.word:~306 rows (대략적) 내보내기
INSERT IGNORE INTO `word` (`word_id`, `word_content`) VALUES
	(0, '이번 달'),
	(1, '학사'),
	(2, '일정'),
	(3, '학사일정'),
	(4, '학교일정'),
	(5, '학교행사'),
	(6, '언제'),
	(7, '학교 축제'),
	(8, '축제'),
	(9, '행사'),
	(10, '등록금'),
	(11, '얼마'),
	(12, '등록금 금액'),
	(13, '금액'),
	(14, '확인'),
	(15, '납부'),
	(16, '등록금 납부'),
	(17, '납부 방법'),
	(18, '분할 결제'),
	(19, '등록금 분할 결제'),
	(20, '등록금 고지서'),
	(21, '고지서'),
	(22, '납입 확인'),
	(23, '납입'),
	(24, '등록금 환불'),
	(25, '환불'),
	(26, '반환'),
	(27, '등록금 반환'),
	(28, '교내 연락처'),
	(29, '연락처'),
	(30, '전화 번호'),
	(31, '전화'),
	(32, '번호'),
	(33, '캠퍼스'),
	(34, '지도'),
	(35, '통학 버스'),
	(36, '통학 버스 시간표'),
	(37, '학생회'),
	(38, '노선'),
	(39, '가는 방법'),
	(40, '가는'),
	(41, '이수 학점'),
	(42, '학점 확인'),
	(43, '이수 학점 확인'),
	(44, '학점'),
	(45, '한 학기 학점'),
	(46, '수강 신청 가능 학점'),
	(47, '졸업 학점'),
	(48, '졸업'),
	(49, '학과'),
	(50, '학점 계산'),
	(51, '학사 경고'),
	(52, '봉사 활동'),
	(53, '봉사'),
	(54, '학식'),
	(55, '장학금'),
	(56, '먹'),
	(57, '교내 장학금'),
	(58, '장학금 내역'),
	(59, '내역'),
	(60, '전액 장학금'),
	(61, '추가 지급'),
	(62, '장학금 동시'),
	(63, '동시 수혜'),
	(64, '장학금 수령 방식'),
	(65, '수령 방식'),
	(66, '국가'),
	(67, '복지'),
	(68, '성적'),
	(69, '봉사 장학금'),
	(70, '포인트'),
	(71, 'su'),
	(72, 'su포인트'),
	(73, '신입생'),
	(74, '특별'),
	(75, '과대 장학금'),
	(76, ''),
	(77, '근로'),
	(78, '향상'),
	(79, ''),
	(80, ''),
	(81, 'ecampus'),
	(82, 'eCampus'),
	(83, '주소'),
	(84, '원격'),
	(85, '교육'),
	(86, '지원'),
	(87, '센터'),
	(88, '온라인'),
	(89, '강의'),
	(90, 'eclass'),
	(91, '수강 신청'),
	(92, '사이트'),
	(93, '수강 신청 어떻게'),
	(94, '수강 신청 언제'),
	(95, '수강 신청 일정'),
	(96, '계절 학기'),
	(97, '계절'),
	(98, '계절 학기 어떻게'),
	(99, '계절 학기 수강'),
	(100, '교양'),
	(101, '교양 수강'),
	(102, '교양 신청'),
	(103, '교양 수강 신청'),
	(104, '교양 수강 신청 어디서'),
	(105, '교양 어디서'),
	(106, '교양 언제'),
	(107, '교양 수강 신청 언제'),
	(108, '도서관'),
	(109, '도서관 어디'),
	(110, '도서관 위치'),
	(111, '층별'),
	(112, '층'),
	(113, '층수'),
	(114, '열람실'),
	(115, '1 자료 열람실'),
	(116, '2 자료 열람실'),
	(117, '3 자료 열람실'),
	(118, '제 1 자료 열람실'),
	(119, '제 2 자료 열람실'),
	(120, '제 3 자료 열람실'),
	(121, '정보'),
	(122, '도서관장실'),
	(123, '도서관 운영팀'),
	(124, '제 6 자유 열람실'),
	(125, '정보 검색실'),
	(126, '제 1 자유 열람실'),
	(127, '제 2 자유 열람실'),
	(128, '제 3 자유 열람실'),
	(129, '제 4 자유 열람실'),
	(130, '제 5 자유 열람실'),
	(131, '보육 교사 교육원'),
	(132, '강의실'),
	(133, '세무 회계 학과'),
	(134, '자산 볍률 학과'),
	(135, '미디어 출판 학과'),
	(136, '스터디룸'),
	(137, '잡 카페'),
	(138, '취업 상담실'),
	(139, '무인 도서 반납'),
	(140, '도서관에 뭐'),
	(141, '대출'),
	(142, '프로그램'),
	(143, '활동'),
	(144, '책 대출'),
	(145, '책 대출 방법'),
	(146, '도서'),
	(147, '반납'),
	(148, '도서관 반납'),
	(149, '도서관 반납 방법'),
	(150, '책 반납'),
	(151, '열람실'),
	(152, '이용'),
	(153, '좌석'),
	(154, '예약'),
	(155, '운영'),
	(156, '열람실 자리 예약'),
	(157, '도서관 이용 방법'),
	(158, '도서관 이용'),
	(159, '도서관 운영 시간'),
	(160, '도서관 운영'),
	(161, '시간'),
	(162, '동아리'),
	(163, '단체'),
	(164, '대외'),
	(165, '이름'),
	(166, '정보 수정'),
	(167, '정보 변경'),
	(168, '이름 변경'),
	(169, '수정'),
	(170, '변경'),
	(171, '주소 수정'),
	(172, '주소 변경'),
	(173, '전화번호 수정'),
	(174, '전화번호 변경'),
	(175, '번호 수정'),
	(176, '번호 변경'),
	(177, '인재'),
	(178, '누리'),
	(179, '어학 연수'),
	(180, '연수'),
	(181, '주차'),
	(182, '주차장'),
	(183, '주차장 이용'),
	(184, '주차장 신청'),
	(185, '주차 이용'),
	(186, '주차 신청 '),
	(187, '사물함'),
	(188, '사물함 신청'),
	(189, '사물함 이용'),
	(190, '사물함 사용 '),
	(191, '증명서'),
	(192, '증명서 발급'),
	(193, '증명서 발급 내역'),
	(194, '발급'),
	(195, '증명서 발급 방법'),
	(196, '수수료'),
	(197, '학생증'),
	(198, '자치'),
	(199, '학생증 신청 어디'),
	(200, '학생증 신청 언제'),
	(201, '모바일 학생증'),
	(202, '체크'),
	(203, '출석확인'),
	(204, '출석'),
	(205, '병결'),
	(206, '처리'),
	(207, '질병'),
	(208, '결석'),
	(209, '학기'),
	(210, '개시'),
	(211, '개강일'),
	(212, '개강'),
	(213, '학기 개시일 언제'),
	(214, '종강'),
	(215, '학기 종강일'),
	(216, '강일'),
	(217, '학생'),
	(218, '학교 학식'),
	(219, '학교 학식 어디서'),
	(220, '학식 어디서'),
	(221, '학식 어디'),
	(222, '학교 학식 어디'),
	(223, '휴학'),
	(224, '휴학 신청'),
	(225, '휴학 어떻게'),
	(226, '휴학 신청 어떻게'),
	(227, '휴학 어디서'),
	(228, '휴학 신청 어디서'),
	(229, '군'),
	(230, '군대'),
	(231, '학교 와이파이'),
	(232, '파이'),
	(233, '정정'),
	(234, '기간'),
	(235, '스타'),
	(236, '총학생회 인스타 주소'),
	(237, '진단'),
	(238, '입학식'),
	(239, '입학'),
	(240, '입학식 언제'),
	(241, '등록금 추가 납부'),
	(242, '설명'),
	(243, '강의평가'),
	(244, '평가'),
	(245, '출결'),
	(246, '출결 확인'),
	(247, '출결 확인 어디'),
	(248, '전과'),
	(249, '전과 방법'),
	(250, '전과 어떻게'),
	(251, '전과 어디서'),
	(252, '전과 기간'),
	(253, '학교 통학 버스'),
	(254, '학교 버스'),
	(255, '진단평가'),
	(256, '모바일'),
	(257, '이용방법'),
	(258, '버스'),
	(259, '어디'),
	(260, '뭐'),
	(261, '어떻'),
	(262, '이번'),
	(263, '달'),
	(264, '학교'),
	(265, '월별'),
	(266, '넣'),
	(267, '방법'),
	(268, '분할'),
	(269, '결제'),
	(270, '계산'),
	(271, '교내'),
	(272, '교수'),
	(273, '교수님'),
	(274, '고'),
	(275, '과사무실'),
	(276, '사무실'),
	(277, '통학'),
	(278, '버스'),
	(279, '틀'),
	(280, '시간표'),
	(281, '일대'),
	(282, '가'),
	(283, '길'),
	(284, '이수'),
	(285, '경고'),
	(286, '인정'),
	(287, '신청'),
	(288, '종류'),
	(289, '수강'),
	(290, '가능'),
	(291, '전액'),
	(292, '추가'),
	(293, '지급'),
	(294, '동시'),
	(295, '수혜'),
	(296, '수령'),
	(297, '방식'),
	(298, '신입생'),
	(299, '과대'),
	(300, '어딨'),
	(301, '사이버'),
	(302, '싸'),
	(303, '위치'),
	(304, '전'),
	(305, '미남');

/*!40103 SET TIME_ZONE=IFNULL(@OLD_TIME_ZONE, 'system') */;
/*!40101 SET SQL_MODE=IFNULL(@OLD_SQL_MODE, '') */;
/*!40014 SET FOREIGN_KEY_CHECKS=IFNULL(@OLD_FOREIGN_KEY_CHECKS, 1) */;
/*!40101 SET CHARACTER_SET_CLIENT=@OLD_CHARACTER_SET_CLIENT */;
/*!40111 SET SQL_NOTES=IFNULL(@OLD_SQL_NOTES, 1) */;
